이름,뉴스,상위 회의,생성 일시,유형,이벤트 시간,제출상태,참석자,최종 편집 일시,최종 편집자,하위 회의
0220,,2월 (%E1%84%92%E1%85%AC%E1%84%8B%E1%85%B4%2065b6669985b74333b8895a64d8b27057/2%E1%84%8B%E1%85%AF%E1%86%AF%20f81890e3b1844c4483f0629fe1d83851.csv),2024년 2월 20일 오후 7:59,회의,,Not started,,2024년 6월 4일 오전 8:57,J,
0222,,2월 (%E1%84%92%E1%85%AC%E1%84%8B%E1%85%B4%2065b6669985b74333b8895a64d8b27057/2%E1%84%8B%E1%85%AF%E1%86%AF%20f81890e3b1844c4483f0629fe1d83851.csv),2024년 2월 22일 오후 8:00,,,Not started,,2024년 6월 4일 오전 8:57,J,
0225,,2월 (%E1%84%92%E1%85%AC%E1%84%8B%E1%85%B4%2065b6669985b74333b8895a64d8b27057/2%E1%84%8B%E1%85%AF%E1%86%AF%20f81890e3b1844c4483f0629fe1d83851.csv),2024년 2월 25일 오후 6:01,,,Not started,,2024년 6월 4일 오전 8:57,J,
0226,,2월 (%E1%84%92%E1%85%AC%E1%84%8B%E1%85%B4%2065b6669985b74333b8895a64d8b27057/2%E1%84%8B%E1%85%AF%E1%86%AF%20f81890e3b1844c4483f0629fe1d83851.csv),2024년 2월 26일 오후 4:16,,,Not started,,2024년 6월 4일 오전 8:57,J,
0228,,2월 (%E1%84%92%E1%85%AC%E1%84%8B%E1%85%B4%2065b6669985b74333b8895a64d8b27057/2%E1%84%8B%E1%85%AF%E1%86%AF%20f81890e3b1844c4483f0629fe1d83851.csv),2024년 2월 28일 오후 8:02,,,Not started,,2024년 6월 4일 오전 8:57,J,
1차 주제 회의,,회의록 (%E1%84%92%E1%85%AC%E1%84%8B%E1%85%B4%2065b6669985b74333b8895a64d8b27057/%E1%84%92%E1%85%AC%E1%84%8B%E1%85%B4%E1%84%85%E1%85%A9%E1%86%A8%200d5b349094f64032b74e23c0e6cc73db.csv),2024년 2월 7일 오후 8:09,회의,2024년 1월 9일,Not started,"Jisu지수 Ryu, J, 한예지, /임베디드시스템공학과 구민성",2024년 3월 2일 오후 2:02,Jisu지수 Ryu,
시각장애인을 위한 골프 서비스/tech-pioneers - 백업,,,2024년 3월 4일 오후 8:40,,,Done,,2024년 3월 30일 오후 3:22,Jisu지수 Ryu,
스마트 유도등,,,2024년 3월 2일 오후 2:03,,,반려,,2024년 3월 29일 오후 4:22,/임베디드시스템공학과 구민성,"스마트 유도등/tech-pioneers (%E1%84%92%E1%85%AC%E1%84%8B%E1%85%B4%2065b6669985b74333b8895a64d8b27057/%E1%84%89%E1%85%B3%E1%84%86%E1%85%A1%E1%84%90%E1%85%B3%20%E1%84%8B%E1%85%B2%E1%84%83%E1%85%A9%E1%84%83%E1%85%B3%E1%86%BC%20tech-pioneers%204cd3626d29754141bbf0936234602f1c.csv), 스마트 유도등-초안/tech-pioneers (%E1%84%92%E1%85%AC%E1%84%8B%E1%85%B4%2065b6669985b74333b8895a64d8b27057/%E1%84%89%E1%85%B3%E1%84%86%E1%85%A1%E1%84%90%E1%85%B3%20%E1%84%8B%E1%85%B2%E1%84%83%E1%85%A9%E1%84%83%E1%85%B3%E1%86%BC-%E1%84%8E%E1%85%A9%E1%84%8B%E1%85%A1%E1%86%AB%20tech-pioneers%206562bf201cbb4b7abee44a9245c13764.csv)"
퍼팅서포터/tech-pioneers,,,2024년 3월 10일 오전 1:36,,,Done,,2024년 5월 7일 오후 8:20,J,
사운드골핑/tech-pioneers -백업,,,2024년 3월 9일 오후 8:16,,,Done,,2024년 3월 30일 오후 3:22,Jisu지수 Ryu,"사운드골핑/tech-pioneers -백업 (%E1%84%92%E1%85%AC%E1%84%8B%E1%85%B4%2065b6669985b74333b8895a64d8b27057/%E1%84%89%E1%85%A1%E1%84%8B%E1%85%AE%E1%86%AB%E1%84%83%E1%85%B3%E1%84%80%E1%85%A9%E1%86%AF%E1%84%91%E1%85%B5%E1%86%BC%20tech-pioneers%20-%E1%84%87%E1%85%A2%E1%86%A8%E1%84%8B%E1%85%A5%E1%86%B8%2003f407eba72542928fa5733657253cde.csv), 퍼팅서포터/tech-pioneers - 백업 (%E1%84%92%E1%85%AC%E1%84%8B%E1%85%B4%2065b6669985b74333b8895a64d8b27057/%E1%84%91%E1%85%A5%E1%84%90%E1%85%B5%E1%86%BC%E1%84%89%E1%85%A5%E1%84%91%E1%85%A9%E1%84%90%E1%85%A5%20tech-pioneers%20-%20%E1%84%87%E1%85%A2%E1%86%A8%E1%84%8B%E1%85%A5%E1%86%B8%20b049da0e6f2845639b19e1e37bec013a.csv)"
퍼팅서포터/tech-pioneers - 백업,,사운드골핑/tech-pioneers -백업 (%E1%84%92%E1%85%AC%E1%84%8B%E1%85%B4%2065b6669985b74333b8895a64d8b27057/%E1%84%89%E1%85%A1%E1%84%8B%E1%85%AE%E1%86%AB%E1%84%83%E1%85%B3%E1%84%80%E1%85%A9%E1%86%AF%E1%84%91%E1%85%B5%E1%86%BC%20tech-pioneers%20-%E1%84%87%E1%85%A2%E1%86%A8%E1%84%8B%E1%85%A5%E1%86%B8%208ace22f765394b899c17514a91567b95.csv),2024년 3월 5일 오후 3:19,,,Done,,2024년 3월 30일 오후 3:22,Jisu지수 Ryu,
사운드골핑/tech-pioneers -백업,,사운드골핑/tech-pioneers -백업 (%E1%84%92%E1%85%AC%E1%84%8B%E1%85%B4%2065b6669985b74333b8895a64d8b27057/%E1%84%89%E1%85%A1%E1%84%8B%E1%85%AE%E1%86%AB%E1%84%83%E1%85%B3%E1%84%80%E1%85%A9%E1%86%AF%E1%84%91%E1%85%B5%E1%86%BC%20tech-pioneers%20-%E1%84%87%E1%85%A2%E1%86%A8%E1%84%8B%E1%85%A5%E1%86%B8%208ace22f765394b899c17514a91567b95.csv),2024년 3월 10일 오전 1:36,,,Done,,2024년 3월 30일 오후 3:22,Jisu지수 Ryu,
5월 1주차 보고서 (0428 - 0505),,보고서 (%E1%84%92%E1%85%AC%E1%84%8B%E1%85%B4%2065b6669985b74333b8895a64d8b27057/%E1%84%87%E1%85%A9%E1%84%80%E1%85%A9%E1%84%89%E1%85%A5%209c25e4d462f14e948f847c6a43340790.csv),2024년 5월 4일 오전 11:51,,,Not started,,2024년 5월 5일 오후 10:13,J,
0303,,3월 (%E1%84%92%E1%85%AC%E1%84%8B%E1%85%B4%2065b6669985b74333b8895a64d8b27057/3%E1%84%8B%E1%85%AF%E1%86%AF%2044735b2f30df420e8cbf10cea8d03ced.csv),2024년 3월 3일 오후 7:29,,,Not started,,2024년 5월 13일 오후 4:46,Jisu지수 Ryu,
0302,,3월 (%E1%84%92%E1%85%AC%E1%84%8B%E1%85%B4%2065b6669985b74333b8895a64d8b27057/3%E1%84%8B%E1%85%AF%E1%86%AF%2044735b2f30df420e8cbf10cea8d03ced.csv),2024년 3월 2일 오후 2:00,,,Not started,,2024년 5월 13일 오후 4:46,Jisu지수 Ryu,
0301,,3월 (%E1%84%92%E1%85%AC%E1%84%8B%E1%85%B4%2065b6669985b74333b8895a64d8b27057/3%E1%84%8B%E1%85%AF%E1%86%AF%2044735b2f30df420e8cbf10cea8d03ced.csv),2024년 3월 1일 오후 2:02,,,Not started,,2024년 5월 13일 오후 4:46,Jisu지수 Ryu,
아이드로퍼 보완점,,,2024년 2월 19일 오후 8:11,회의,,반려,,2024년 3월 30일 오후 3:22,Jisu지수 Ryu,
0304,,3월 (%E1%84%92%E1%85%AC%E1%84%8B%E1%85%B4%2065b6669985b74333b8895a64d8b27057/3%E1%84%8B%E1%85%AF%E1%86%AF%2044735b2f30df420e8cbf10cea8d03ced.csv),2024년 3월 4일 오후 8:07,,,Not started,,2024년 5월 13일 오후 4:46,Jisu지수 Ryu,
0305 조교님 피드백,,3월 (%E1%84%92%E1%85%AC%E1%84%8B%E1%85%B4%2065b6669985b74333b8895a64d8b27057/3%E1%84%8B%E1%85%AF%E1%86%AF%2044735b2f30df420e8cbf10cea8d03ced.csv),2024년 3월 5일 오후 1:55,,,Not started,,2024년 5월 13일 오후 4:46,Jisu지수 Ryu,
0307-0308,,3월 (%E1%84%92%E1%85%AC%E1%84%8B%E1%85%B4%2065b6669985b74333b8895a64d8b27057/3%E1%84%8B%E1%85%AF%E1%86%AF%2044735b2f30df420e8cbf10cea8d03ced.csv),2024년 3월 7일 오후 7:34,,,Not started,,2024년 5월 13일 오후 4:46,Jisu지수 Ryu,
0309,,3월 (%E1%84%92%E1%85%AC%E1%84%8B%E1%85%B4%2065b6669985b74333b8895a64d8b27057/3%E1%84%8B%E1%85%AF%E1%86%AF%2044735b2f30df420e8cbf10cea8d03ced.csv),2024년 3월 9일 오후 8:00,,,Not started,,2024년 5월 13일 오후 4:46,Jisu지수 Ryu,
0312,,3월 (%E1%84%92%E1%85%AC%E1%84%8B%E1%85%B4%2065b6669985b74333b8895a64d8b27057/3%E1%84%8B%E1%85%AF%E1%86%AF%2044735b2f30df420e8cbf10cea8d03ced.csv),2024년 3월 12일 오후 7:23,,,Not started,,2024년 5월 13일 오후 4:46,Jisu지수 Ryu,
0416,,회의록 (%E1%84%92%E1%85%AC%E1%84%8B%E1%85%B4%2065b6669985b74333b8895a64d8b27057/%E1%84%92%E1%85%AC%E1%84%8B%E1%85%B4%E1%84%85%E1%85%A9%E1%86%A8%200d5b349094f64032b74e23c0e6cc73db.csv),2024년 3월 18일 오후 6:46,,,Not started,,2024년 4월 17일 오전 3:18,한예지,
0501,,5월 (%E1%84%92%E1%85%AC%E1%84%8B%E1%85%B4%2065b6669985b74333b8895a64d8b27057/5%E1%84%8B%E1%85%AF%E1%86%AF%20165e6d39028a4ac49db3079ac9ca14c8.csv),2024년 5월 1일 오전 10:16,,,Not started,,2024년 6월 4일 오전 8:57,J,
0504,,5월 (%E1%84%92%E1%85%AC%E1%84%8B%E1%85%B4%2065b6669985b74333b8895a64d8b27057/5%E1%84%8B%E1%85%AF%E1%86%AF%20165e6d39028a4ac49db3079ac9ca14c8.csv),2024년 5월 4일 오후 7:57,,,Not started,,2024년 6월 4일 오전 8:57,J,
0509,,5월 (%E1%84%92%E1%85%AC%E1%84%8B%E1%85%B4%2065b6669985b74333b8895a64d8b27057/5%E1%84%8B%E1%85%AF%E1%86%AF%20165e6d39028a4ac49db3079ac9ca14c8.csv),2024년 5월 9일 오후 6:20,,,Not started,,2024년 6월 4일 오전 8:57,J,
0506,,5월 (%E1%84%92%E1%85%AC%E1%84%8B%E1%85%B4%2065b6669985b74333b8895a64d8b27057/5%E1%84%8B%E1%85%AF%E1%86%AF%20165e6d39028a4ac49db3079ac9ca14c8.csv),2024년 5월 6일 오후 1:02,,,Not started,,2024년 6월 4일 오전 8:57,J,
0511,,5월 (%E1%84%92%E1%85%AC%E1%84%8B%E1%85%B4%2065b6669985b74333b8895a64d8b27057/5%E1%84%8B%E1%85%AF%E1%86%AF%20165e6d39028a4ac49db3079ac9ca14c8.csv),2024년 5월 11일 오후 1:15,,,Not started,,2024년 6월 4일 오전 8:57,J,
0513,,5월 (%E1%84%92%E1%85%AC%E1%84%8B%E1%85%B4%2065b6669985b74333b8895a64d8b27057/5%E1%84%8B%E1%85%AF%E1%86%AF%20165e6d39028a4ac49db3079ac9ca14c8.csv),2024년 5월 13일 오후 2:08,,,Not started,,2024년 6월 4일 오전 8:57,J,
3월,,회의록 (%E1%84%92%E1%85%AC%E1%84%8B%E1%85%B4%2065b6669985b74333b8895a64d8b27057/%E1%84%92%E1%85%AC%E1%84%8B%E1%85%B4%E1%84%85%E1%85%A9%E1%86%A8%200d5b349094f64032b74e23c0e6cc73db.csv),2024년 5월 13일 오후 4:45,,,Not started,,2024년 5월 13일 오후 4:46,Jisu지수 Ryu,"0301 (%E1%84%92%E1%85%AC%E1%84%8B%E1%85%B4%2065b6669985b74333b8895a64d8b27057/0301%20744e283116d04ec2a5377b5d592d5535.csv), 0302 (%E1%84%92%E1%85%AC%E1%84%8B%E1%85%B4%2065b6669985b74333b8895a64d8b27057/0302%201ed0c3b6cf7142cf96718619f86f86e6.csv), 0303 (%E1%84%92%E1%85%AC%E1%84%8B%E1%85%B4%2065b6669985b74333b8895a64d8b27057/0303%206d128ea094af489d88bb19788459849f.csv), 0318 (%E1%84%92%E1%85%AC%E1%84%8B%E1%85%B4%2065b6669985b74333b8895a64d8b27057/0318%20cfd56674e8f545929e661d02aa97aa12.csv), 0312 (%E1%84%92%E1%85%AC%E1%84%8B%E1%85%B4%2065b6669985b74333b8895a64d8b27057/0312%2006dbd3a51c7946c6bfb98e9b88364bfe.csv), 0309 (%E1%84%92%E1%85%AC%E1%84%8B%E1%85%B4%2065b6669985b74333b8895a64d8b27057/0309%20db8596d2079c46f6a7f2a21a8cb79beb.csv), 0307-0308 (%E1%84%92%E1%85%AC%E1%84%8B%E1%85%B4%2065b6669985b74333b8895a64d8b27057/0307-0308%20eacf07bade6d4e9b871d795d5f78b5a7.csv), 0305 조교님 피드백 (%E1%84%92%E1%85%AC%E1%84%8B%E1%85%B4%2065b6669985b74333b8895a64d8b27057/0305%20%E1%84%8C%E1%85%A9%E1%84%80%E1%85%AD%E1%84%82%E1%85%B5%E1%86%B7%20%E1%84%91%E1%85%B5%E1%84%83%E1%85%B3%E1%84%87%E1%85%A2%E1%86%A8%20c9d2918d800244939034f1264177438d.csv), 0304 (%E1%84%92%E1%85%AC%E1%84%8B%E1%85%B4%2065b6669985b74333b8895a64d8b27057/0304%20397aaa85c6ad4d4694f9de7c4b3fe173.csv)"
2월,,회의록 (%E1%84%92%E1%85%AC%E1%84%8B%E1%85%B4%2065b6669985b74333b8895a64d8b27057/%E1%84%92%E1%85%AC%E1%84%8B%E1%85%B4%E1%84%85%E1%85%A9%E1%86%A8%200d5b349094f64032b74e23c0e6cc73db.csv),2024년 5월 13일 오후 4:45,,,Not started,,2024년 6월 4일 오전 8:57,J,"0228 (%E1%84%92%E1%85%AC%E1%84%8B%E1%85%B4%2065b6669985b74333b8895a64d8b27057/0228%2099b8df25786847fbac862c3863f4c1ed.csv), 0226 (%E1%84%92%E1%85%AC%E1%84%8B%E1%85%B4%2065b6669985b74333b8895a64d8b27057/0226%2048752b7b8f3d424ca765f7badda237f3.csv), 0225 (%E1%84%92%E1%85%AC%E1%84%8B%E1%85%B4%2065b6669985b74333b8895a64d8b27057/0225%20aadd13fce4094529ad31328dbf17b8ba.csv), 0222 (%E1%84%92%E1%85%AC%E1%84%8B%E1%85%B4%2065b6669985b74333b8895a64d8b27057/0222%20ebfa3ad12be24ee3bffc74e3657c5432.csv), 0220 (%E1%84%92%E1%85%AC%E1%84%8B%E1%85%B4%2065b6669985b74333b8895a64d8b27057/0220%200fd8c555a52b4fe494aa5ab4664d4efe.csv)"
0318,,3월 (%E1%84%92%E1%85%AC%E1%84%8B%E1%85%B4%2065b6669985b74333b8895a64d8b27057/3%E1%84%8B%E1%85%AF%E1%86%AF%2044735b2f30df420e8cbf10cea8d03ced.csv),2024년 3월 18일 오후 6:22,,,Not started,,2024년 5월 13일 오후 4:46,Jisu지수 Ryu,
0514,,5월 (%E1%84%92%E1%85%AC%E1%84%8B%E1%85%B4%2065b6669985b74333b8895a64d8b27057/5%E1%84%8B%E1%85%AF%E1%86%AF%20165e6d39028a4ac49db3079ac9ca14c8.csv),2024년 5월 14일 오후 5:48,,,Not started,,2024년 6월 4일 오전 8:57,J,
0518,,5월 (%E1%84%92%E1%85%AC%E1%84%8B%E1%85%B4%2065b6669985b74333b8895a64d8b27057/5%E1%84%8B%E1%85%AF%E1%86%AF%20165e6d39028a4ac49db3079ac9ca14c8.csv),2024년 5월 18일 오후 1:08,,,Not started,,2024년 6월 4일 오전 8:57,J,
0520,,5월 (%E1%84%92%E1%85%AC%E1%84%8B%E1%85%B4%2065b6669985b74333b8895a64d8b27057/5%E1%84%8B%E1%85%AF%E1%86%AF%20165e6d39028a4ac49db3079ac9ca14c8.csv),2024년 5월 20일 오후 5:58,,,Not started,,2024년 6월 4일 오전 8:57,J,
할일,,0523 (%E1%84%92%E1%85%AC%E1%84%8B%E1%85%B4%2065b6669985b74333b8895a64d8b27057/0523%2058001626dcb74704a54673a487f74aeb.csv),2024년 5월 23일 오후 9:05,,,Not started,,2024년 6월 4일 오전 8:56,J,
0523,,5월 (%E1%84%92%E1%85%AC%E1%84%8B%E1%85%B4%2065b6669985b74333b8895a64d8b27057/5%E1%84%8B%E1%85%AF%E1%86%AF%20165e6d39028a4ac49db3079ac9ca14c8.csv),2024년 5월 23일 오후 6:48,,,Not started,,2024년 6월 4일 오전 8:57,J,할일 (%E1%84%92%E1%85%AC%E1%84%8B%E1%85%B4%2065b6669985b74333b8895a64d8b27057/%E1%84%92%E1%85%A1%E1%86%AF%E1%84%8B%E1%85%B5%E1%86%AF%2012ff8f2b2bca4c4ca2871e2fe87ef73f.csv)
0524,,5월 (%E1%84%92%E1%85%AC%E1%84%8B%E1%85%B4%2065b6669985b74333b8895a64d8b27057/5%E1%84%8B%E1%85%AF%E1%86%AF%20165e6d39028a4ac49db3079ac9ca14c8.csv),2024년 5월 24일 오후 5:01,,,Not started,,2024년 6월 4일 오전 8:57,J,
0527,,5월 (%E1%84%92%E1%85%AC%E1%84%8B%E1%85%B4%2065b6669985b74333b8895a64d8b27057/5%E1%84%8B%E1%85%AF%E1%86%AF%20165e6d39028a4ac49db3079ac9ca14c8.csv),2024년 5월 26일 오후 7:59,,,Not started,,2024년 6월 4일 오전 8:57,J,
0529,,5월 (%E1%84%92%E1%85%AC%E1%84%8B%E1%85%B4%2065b6669985b74333b8895a64d8b27057/5%E1%84%8B%E1%85%AF%E1%86%AF%20165e6d39028a4ac49db3079ac9ca14c8.csv),2024년 5월 29일 오후 6:12,,,Not started,,2024년 6월 4일 오전 8:57,J,
0530,,5월 (%E1%84%92%E1%85%AC%E1%84%8B%E1%85%B4%2065b6669985b74333b8895a64d8b27057/5%E1%84%8B%E1%85%AF%E1%86%AF%20165e6d39028a4ac49db3079ac9ca14c8.csv),2024년 5월 30일 오후 7:08,,,Not started,,2024년 6월 4일 오전 8:57,J,
0531,,5월 (%E1%84%92%E1%85%AC%E1%84%8B%E1%85%B4%2065b6669985b74333b8895a64d8b27057/5%E1%84%8B%E1%85%AF%E1%86%AF%20165e6d39028a4ac49db3079ac9ca14c8.csv),2024년 5월 31일 오후 2:40,,,Not started,,2024년 6월 4일 오전 8:57,J,
0601/0603,,6월 (%E1%84%92%E1%85%AC%E1%84%8B%E1%85%B4%2065b6669985b74333b8895a64d8b27057/6%E1%84%8B%E1%85%AF%E1%86%AF%204d69b2b7be794120a3f326c2e843eca9.csv),2024년 5월 31일 오후 8:50,,,Not started,,2024년 6월 4일 오후 4:41,Jisu지수 Ryu,
5월,,회의록 (%E1%84%92%E1%85%AC%E1%84%8B%E1%85%B4%2065b6669985b74333b8895a64d8b27057/%E1%84%92%E1%85%AC%E1%84%8B%E1%85%B4%E1%84%85%E1%85%A9%E1%86%A8%200d5b349094f64032b74e23c0e6cc73db.csv),2024년 6월 4일 오전 8:54,,,Not started,,2024년 6월 4일 오전 8:57,J,"0501 (%E1%84%92%E1%85%AC%E1%84%8B%E1%85%B4%2065b6669985b74333b8895a64d8b27057/0501%20926c845a35c0490dad6f6fc78edf496c.csv), 0504 (%E1%84%92%E1%85%AC%E1%84%8B%E1%85%B4%2065b6669985b74333b8895a64d8b27057/0504%203f090d5a7f7a4c61bd0cf05bb28f4fa6.csv), 0506 (%E1%84%92%E1%85%AC%E1%84%8B%E1%85%B4%2065b6669985b74333b8895a64d8b27057/0506%20bfd7475da4dc462982b6ec33498c7c3b.csv), 0509 (%E1%84%92%E1%85%AC%E1%84%8B%E1%85%B4%2065b6669985b74333b8895a64d8b27057/0509%20291c31478c4e47e190e7a741f15f674e.csv), 0511 (%E1%84%92%E1%85%AC%E1%84%8B%E1%85%B4%2065b6669985b74333b8895a64d8b27057/0511%201731a49e3387417190fa85e10a022810.csv), 0513 (%E1%84%92%E1%85%AC%E1%84%8B%E1%85%B4%2065b6669985b74333b8895a64d8b27057/0513%20d6611cd7455e4dab8b9bd91f8df59873.csv), 0514 (%E1%84%92%E1%85%AC%E1%84%8B%E1%85%B4%2065b6669985b74333b8895a64d8b27057/0514%209896dd26913c463fa8c9701413757866.csv), 0518 (%E1%84%92%E1%85%AC%E1%84%8B%E1%85%B4%2065b6669985b74333b8895a64d8b27057/0518%20a8619b1b80b1456da0b4364397c58f3d.csv), 0520 (%E1%84%92%E1%85%AC%E1%84%8B%E1%85%B4%2065b6669985b74333b8895a64d8b27057/0520%206df3fa93816e4955834357b4befd1990.csv), 0521 (%E1%84%92%E1%85%AC%E1%84%8B%E1%85%B4%2065b6669985b74333b8895a64d8b27057/0521%20af56daa53c494dda80e4220ed9981b40.csv), 0523 (%E1%84%92%E1%85%AC%E1%84%8B%E1%85%B4%2065b6669985b74333b8895a64d8b27057/0523%2058001626dcb74704a54673a487f74aeb.csv), 0524 (%E1%84%92%E1%85%AC%E1%84%8B%E1%85%B4%2065b6669985b74333b8895a64d8b27057/0524%20aed205a3e4d346ea9d8051132f66ff6e.csv), 0527 (%E1%84%92%E1%85%AC%E1%84%8B%E1%85%B4%2065b6669985b74333b8895a64d8b27057/0527%20431020857c074e078780c319c801bd5d.csv), 0529 (%E1%84%92%E1%85%AC%E1%84%8B%E1%85%B4%2065b6669985b74333b8895a64d8b27057/0529%206ce93b63e42546b2912908206bd34087.csv), 0530 (%E1%84%92%E1%85%AC%E1%84%8B%E1%85%B4%2065b6669985b74333b8895a64d8b27057/0530%208a9e6da374414a659f97bd81441bd7f0.csv), 0531 (%E1%84%92%E1%85%AC%E1%84%8B%E1%85%B4%2065b6669985b74333b8895a64d8b27057/0531%201b252b4789804af2a911c69990d00291.csv)"
0521,,5월 (%E1%84%92%E1%85%AC%E1%84%8B%E1%85%B4%2065b6669985b74333b8895a64d8b27057/5%E1%84%8B%E1%85%AF%E1%86%AF%20165e6d39028a4ac49db3079ac9ca14c8.csv),2024년 5월 22일 오전 12:00,,,Not started,,2024년 6월 4일 오전 8:57,J,
0604,,6월 (%E1%84%92%E1%85%AC%E1%84%8B%E1%85%B4%2065b6669985b74333b8895a64d8b27057/6%E1%84%8B%E1%85%AF%E1%86%AF%204d69b2b7be794120a3f326c2e843eca9.csv),2024년 6월 4일 오전 10:07,,,Not started,,2024년 6월 5일 오후 3:04,J,
예외케이스 기록,,6월 (%E1%84%92%E1%85%AC%E1%84%8B%E1%85%B4%2065b6669985b74333b8895a64d8b27057/6%E1%84%8B%E1%85%AF%E1%86%AF%204d69b2b7be794120a3f326c2e843eca9.csv),2024년 6월 4일 오후 4:45,,,Not started,,2024년 6월 4일 오후 7:53,Jisu지수 Ryu,
"0605 ",,6월 (%E1%84%92%E1%85%AC%E1%84%8B%E1%85%B4%2065b6669985b74333b8895a64d8b27057/6%E1%84%8B%E1%85%AF%E1%86%AF%204d69b2b7be794120a3f326c2e843eca9.csv),2024년 6월 5일 오전 12:44,,,Not started,,2024년 6월 7일 오전 11:09,Jisu지수 Ryu,
0607,,6월 (%E1%84%92%E1%85%AC%E1%84%8B%E1%85%B4%2065b6669985b74333b8895a64d8b27057/6%E1%84%8B%E1%85%AF%E1%86%AF%204d69b2b7be794120a3f326c2e843eca9.csv),2024년 6월 7일 오후 1:25,,,Not started,,2024년 6월 8일 오후 12:42,한예지,
0610,,6월 (%E1%84%92%E1%85%AC%E1%84%8B%E1%85%B4%2065b6669985b74333b8895a64d8b27057/6%E1%84%8B%E1%85%AF%E1%86%AF%204d69b2b7be794120a3f326c2e843eca9.csv),2024년 6월 7일 오후 5:53,,,Not started,,2024년 6월 11일 오후 2:13,J,
0611,,6월 (%E1%84%92%E1%85%AC%E1%84%8B%E1%85%B4%2065b6669985b74333b8895a64d8b27057/6%E1%84%8B%E1%85%AF%E1%86%AF%204d69b2b7be794120a3f326c2e843eca9.csv),2024년 6월 11일 오후 4:04,,,Not started,,2024년 6월 11일 오후 11:04,한예지,
0612,,6월 (%E1%84%92%E1%85%AC%E1%84%8B%E1%85%B4%2065b6669985b74333b8895a64d8b27057/6%E1%84%8B%E1%85%AF%E1%86%AF%204d69b2b7be794120a3f326c2e843eca9.csv),2024년 6월 12일 오후 2:00,,,Not started,,2024년 6월 12일 오후 4:40,J,
0613,,6월 (%E1%84%92%E1%85%AC%E1%84%8B%E1%85%B4%2065b6669985b74333b8895a64d8b27057/6%E1%84%8B%E1%85%AF%E1%86%AF%204d69b2b7be794120a3f326c2e843eca9.csv),2024년 6월 13일 오후 5:45,,,Not started,,2024년 6월 14일 오전 12:03,한예지,
물품체크리스트,,,2024년 4월 9일 오후 6:04,,,Not started,,2024년 4월 9일 오후 6:17,Jisu지수 Ryu,
최종 주제 선정,"https://www.chosun.com/national/national_general/2022/05/03/MGR6J6LO5BGGHOPC4E52Z75YNA/ ",,2024년 2월 7일 오후 8:09,회의,,Not started,,2024년 2월 19일 오후 5:13,Jisu지수 Ryu,
회의록,,,2024년 2월 28일 오후 2:05,,,Not started,,2024년 6월 13일 오후 7:57,Jisu지수 Ryu,"1차 주제 회의 (%E1%84%92%E1%85%AC%E1%84%8B%E1%85%B4%2065b6669985b74333b8895a64d8b27057/1%E1%84%8E%E1%85%A1%20%E1%84%8C%E1%85%AE%E1%84%8C%E1%85%A6%20%E1%84%92%E1%85%AC%E1%84%8B%E1%85%B4%2019c93f3a755a4bb7812d9a695912010e.csv), 0416 (%E1%84%92%E1%85%AC%E1%84%8B%E1%85%B4%2065b6669985b74333b8895a64d8b27057/0416%20660a2e3b0a1146eaaca38e981247b0c1.csv), 2월 (%E1%84%92%E1%85%AC%E1%84%8B%E1%85%B4%2065b6669985b74333b8895a64d8b27057/2%E1%84%8B%E1%85%AF%E1%86%AF%20f81890e3b1844c4483f0629fe1d83851.csv), 3월 (%E1%84%92%E1%85%AC%E1%84%8B%E1%85%B4%2065b6669985b74333b8895a64d8b27057/3%E1%84%8B%E1%85%AF%E1%86%AF%2044735b2f30df420e8cbf10cea8d03ced.csv), 5월 (%E1%84%92%E1%85%AC%E1%84%8B%E1%85%B4%2065b6669985b74333b8895a64d8b27057/5%E1%84%8B%E1%85%AF%E1%86%AF%20165e6d39028a4ac49db3079ac9ca14c8.csv), 6월 (%E1%84%92%E1%85%AC%E1%84%8B%E1%85%B4%2065b6669985b74333b8895a64d8b27057/6%E1%84%8B%E1%85%AF%E1%86%AF%204d69b2b7be794120a3f326c2e843eca9.csv), 삼각측량 (%E1%84%92%E1%85%AC%E1%84%8B%E1%85%B4%2065b6669985b74333b8895a64d8b27057/%E1%84%89%E1%85%A1%E1%86%B7%E1%84%80%E1%85%A1%E1%86%A8%E1%84%8E%E1%85%B3%E1%86%A8%E1%84%85%E1%85%A3%E1%86%BC%20e0224bbe6f454838bdf9c2342eb70126.csv)"
6월,,회의록 (%E1%84%92%E1%85%AC%E1%84%8B%E1%85%B4%2065b6669985b74333b8895a64d8b27057/%E1%84%92%E1%85%AC%E1%84%8B%E1%85%B4%E1%84%85%E1%85%A9%E1%86%A8%200d5b349094f64032b74e23c0e6cc73db.csv),2024년 6월 4일 오후 4:41,,,Not started,,2024년 6월 13일 오후 5:45,J,"예외케이스 기록 (%E1%84%92%E1%85%AC%E1%84%8B%E1%85%B4%2065b6669985b74333b8895a64d8b27057/%E1%84%8B%E1%85%A8%E1%84%8B%E1%85%AC%E1%84%8F%E1%85%A6%E1%84%8B%E1%85%B5%E1%84%89%E1%85%B3%20%E1%84%80%E1%85%B5%E1%84%85%E1%85%A9%E1%86%A8%208939e58fcfd045ecb35fdca2f4484652.csv), 0601/0603 (%E1%84%92%E1%85%AC%E1%84%8B%E1%85%B4%2065b6669985b74333b8895a64d8b27057/0601%200603%20a7ad0ac27ccd4ca78037f8ed05020ba9.csv), 0604 (%E1%84%92%E1%85%AC%E1%84%8B%E1%85%B4%2065b6669985b74333b8895a64d8b27057/0604%209e8709a76d7544209c60ffe17530d09f.csv), 0605  (%E1%84%92%E1%85%AC%E1%84%8B%E1%85%B4%2065b6669985b74333b8895a64d8b27057/0605%207c660a037cfe43e79911599912d39cf7.csv), 0607 (%E1%84%92%E1%85%AC%E1%84%8B%E1%85%B4%2065b6669985b74333b8895a64d8b27057/0607%2020506f4071974f4c95c0834f4ea09e5c.csv), 0610 (%E1%84%92%E1%85%AC%E1%84%8B%E1%85%B4%2065b6669985b74333b8895a64d8b27057/0610%20e01867f8b4484439b7d156e7756add17.csv), 0611 (%E1%84%92%E1%85%AC%E1%84%8B%E1%85%B4%2065b6669985b74333b8895a64d8b27057/0611%202a9fed02869d4d5d8802b0e24eda8177.csv), 0612 (%E1%84%92%E1%85%AC%E1%84%8B%E1%85%B4%2065b6669985b74333b8895a64d8b27057/0612%2026f60981ff43409ba8fc1c40980fbece.csv), 0613 (%E1%84%92%E1%85%AC%E1%84%8B%E1%85%B4%2065b6669985b74333b8895a64d8b27057/0613%2015862766f35d40a1b66a90c22cef9603.csv)"
삼각측량,,회의록 (%E1%84%92%E1%85%AC%E1%84%8B%E1%85%B4%2065b6669985b74333b8895a64d8b27057/%E1%84%92%E1%85%AC%E1%84%8B%E1%85%B4%E1%84%85%E1%85%A9%E1%86%A8%200d5b349094f64032b74e23c0e6cc73db.csv),2024년 6월 13일 오후 7:57,,,Not started,,2024년 6월 13일 오후 8:56,Jisu지수 Ryu,
가계부,,,2024년 2월 20일 오후 10:22,,,Not started,,2024년 3월 19일 오후 4:04,한예지,
개발 일지 템플릿,,,2024년 3월 1일 오후 3:24,,,Not started,,2024년 5월 3일 오후 8:36,Jisu지수 Ryu,ir position result (%E1%84%92%E1%85%AC%E1%84%8B%E1%85%B4%2065b6669985b74333b8895a64d8b27057/ir%20position%20result%20dbbf9f0282994bdfba1601781832a940.csv)
ir position result,,개발 일지 템플릿 (%E1%84%92%E1%85%AC%E1%84%8B%E1%85%B4%2065b6669985b74333b8895a64d8b27057/%E1%84%80%E1%85%A2%E1%84%87%E1%85%A1%E1%86%AF%20%E1%84%8B%E1%85%B5%E1%86%AF%E1%84%8C%E1%85%B5%20%E1%84%90%E1%85%A6%E1%86%B7%E1%84%91%E1%85%B3%E1%86%AF%E1%84%85%E1%85%B5%E1%86%BA%2095fdd45e51284ac7b749457d142ce5f6.csv),2024년 5월 3일 오후 8:36,,,Not started,,2024년 5월 3일 오후 8:48,Jisu지수 Ryu,
회의록 템플릿,,,2024년 3월 1일 오후 3:35,팀 주간 회의,2024년 1월 8일 오전 6:00 (GMT+9),Not started,,2024년 3월 1일 오후 4:19,Jisu지수 Ryu,
보고서,,,2024년 3월 27일 오후 9:49,,,Not started,,2024년 6월 8일 오후 10:31,한예지,"3월 3주차 보고서 (0318 - 0324) (%E1%84%92%E1%85%AC%E1%84%8B%E1%85%B4%2065b6669985b74333b8895a64d8b27057/3%E1%84%8B%E1%85%AF%E1%86%AF%203%E1%84%8C%E1%85%AE%E1%84%8E%E1%85%A1%20%E1%84%87%E1%85%A9%E1%84%80%E1%85%A9%E1%84%89%E1%85%A5%20(0318%20-%200324)%209e85532c77a3412aa50d429cfeaa04ea.csv), 3월 4주차 보고서 (0325 - 0331) (%E1%84%92%E1%85%AC%E1%84%8B%E1%85%B4%2065b6669985b74333b8895a64d8b27057/3%E1%84%8B%E1%85%AF%E1%86%AF%204%E1%84%8C%E1%85%AE%E1%84%8E%E1%85%A1%20%E1%84%87%E1%85%A9%E1%84%80%E1%85%A9%E1%84%89%E1%85%A5%20(0325%20-%200331)%2013e05db96f1840c3879b8524e4aa2b11.csv), 4월 1주차 보고서 (0401 - 0407) (%E1%84%92%E1%85%AC%E1%84%8B%E1%85%B4%2065b6669985b74333b8895a64d8b27057/4%E1%84%8B%E1%85%AF%E1%86%AF%201%E1%84%8C%E1%85%AE%E1%84%8E%E1%85%A1%20%E1%84%87%E1%85%A9%E1%84%80%E1%85%A9%E1%84%89%E1%85%A5%20(0401%20-%200407)%200c89cf5bdac547fe982e84c705a5e8d5.csv), 5월 1주차 보고서 (0428 - 0505) (%E1%84%92%E1%85%AC%E1%84%8B%E1%85%B4%2065b6669985b74333b8895a64d8b27057/5%E1%84%8B%E1%85%AF%E1%86%AF%201%E1%84%8C%E1%85%AE%E1%84%8E%E1%85%A1%20%E1%84%87%E1%85%A9%E1%84%80%E1%85%A9%E1%84%89%E1%85%A5%20(0428%20-%200505)%20fa32a0f5d7784a53be22e4ce5f9434e0.csv), 5월 2주차 보고서(0506 - 0512) (%E1%84%92%E1%85%AC%E1%84%8B%E1%85%B4%2065b6669985b74333b8895a64d8b27057/5%E1%84%8B%E1%85%AF%E1%86%AF%202%E1%84%8C%E1%85%AE%E1%84%8E%E1%85%A1%20%E1%84%87%E1%85%A9%E1%84%80%E1%85%A9%E1%84%89%E1%85%A5(0506%20-%200512)%209a5b8da4373547649cfa3c3473c24f27.csv), 6월 1주차 보고서(0603 - 0609) (%E1%84%92%E1%85%AC%E1%84%8B%E1%85%B4%2065b6669985b74333b8895a64d8b27057/6%E1%84%8B%E1%85%AF%E1%86%AF%201%E1%84%8C%E1%85%AE%E1%84%8E%E1%85%A1%20%E1%84%87%E1%85%A9%E1%84%80%E1%85%A9%E1%84%89%E1%85%A5(0603%20-%200609)%200369b148ba3c4808812ff53208b71e5f.csv)"
6월 1주차 보고서(0603 - 0609),,보고서 (%E1%84%92%E1%85%AC%E1%84%8B%E1%85%B4%2065b6669985b74333b8895a64d8b27057/%E1%84%87%E1%85%A9%E1%84%80%E1%85%A9%E1%84%89%E1%85%A5%209c25e4d462f14e948f847c6a43340790.csv),2024년 6월 8일 오후 10:31,,,Not started,,2024년 6월 9일 오후 7:43,한예지,
사용자 테스트,,,2024년 5월 24일 오후 7:48,,,Not started,,2024년 6월 7일 오후 5:22,J,"1차 테스트 (%E1%84%92%E1%85%AC%E1%84%8B%E1%85%B4%2065b6669985b74333b8895a64d8b27057/1%E1%84%8E%E1%85%A1%20%E1%84%90%E1%85%A6%E1%84%89%E1%85%B3%E1%84%90%E1%85%B3%205ac5e508bcc243a1a8e15771c5b62996.csv), 1차 테스트 기반 진행할 것 (%E1%84%92%E1%85%AC%E1%84%8B%E1%85%B4%2065b6669985b74333b8895a64d8b27057/1%E1%84%8E%E1%85%A1%20%E1%84%90%E1%85%A6%E1%84%89%E1%85%B3%E1%84%90%E1%85%B3%20%E1%84%80%E1%85%B5%E1%84%87%E1%85%A1%E1%86%AB%20%E1%84%8C%E1%85%B5%E1%86%AB%E1%84%92%E1%85%A2%E1%86%BC%E1%84%92%E1%85%A1%E1%86%AF%20%E1%84%80%E1%85%A5%E1%86%BA%20c47489f747824ec59aceb7953fa571d3.csv), 2차 테스트 준비 (%E1%84%92%E1%85%AC%E1%84%8B%E1%85%B4%2065b6669985b74333b8895a64d8b27057/2%E1%84%8E%E1%85%A1%20%E1%84%90%E1%85%A6%E1%84%89%E1%85%B3%E1%84%90%E1%85%B3%20%E1%84%8C%E1%85%AE%E1%86%AB%E1%84%87%E1%85%B5%207d7bb92af8f8426a8118a336a4ea9cdf.csv), 2차 테스트 인터뷰 기록지 (%E1%84%92%E1%85%AC%E1%84%8B%E1%85%B4%2065b6669985b74333b8895a64d8b27057/2%E1%84%8E%E1%85%A1%20%E1%84%90%E1%85%A6%E1%84%89%E1%85%B3%E1%84%90%E1%85%B3%20%E1%84%8B%E1%85%B5%E1%86%AB%E1%84%90%E1%85%A5%E1%84%87%E1%85%B2%20%E1%84%80%E1%85%B5%E1%84%85%E1%85%A9%E1%86%A8%E1%84%8C%E1%85%B5%202040d6c98c874ad48f2cc443cbaf2431.csv), 2차 테스트 결과 기록 (%E1%84%92%E1%85%AC%E1%84%8B%E1%85%B4%2065b6669985b74333b8895a64d8b27057/2%E1%84%8E%E1%85%A1%20%E1%84%90%E1%85%A6%E1%84%89%E1%85%B3%E1%84%90%E1%85%B3%20%E1%84%80%E1%85%A7%E1%86%AF%E1%84%80%E1%85%AA%20%E1%84%80%E1%85%B5%E1%84%85%E1%85%A9%E1%86%A8%2037a0d13f5d3a4f8298abfe92dfc4b669.csv), 비프음 소스 (%E1%84%92%E1%85%AC%E1%84%8B%E1%85%B4%2065b6669985b74333b8895a64d8b27057/%E1%84%87%E1%85%B5%E1%84%91%E1%85%B3%E1%84%8B%E1%85%B3%E1%86%B7%20%E1%84%89%E1%85%A9%E1%84%89%E1%85%B3%203efa5b72f28549bfa153bafc1d251203.csv)"
lose 거리,,,2024년 6월 13일 오후 4:24,,,Not started,,2024년 6월 13일 오후 5:37,한예지,
비프음 소스,,사용자 테스트 (%E1%84%92%E1%85%AC%E1%84%8B%E1%85%B4%2065b6669985b74333b8895a64d8b27057/%E1%84%89%E1%85%A1%E1%84%8B%E1%85%AD%E1%86%BC%E1%84%8C%E1%85%A1%20%E1%84%90%E1%85%A6%E1%84%89%E1%85%B3%E1%84%90%E1%85%B3%20d58de21729c746abbb060d881043551d.csv),2024년 6월 7일 오후 5:22,,,Not started,,2024년 6월 7일 오후 5:30,J,
2차 테스트 결과 기록,,사용자 테스트 (%E1%84%92%E1%85%AC%E1%84%8B%E1%85%B4%2065b6669985b74333b8895a64d8b27057/%E1%84%89%E1%85%A1%E1%84%8B%E1%85%AD%E1%86%BC%E1%84%8C%E1%85%A1%20%E1%84%90%E1%85%A6%E1%84%89%E1%85%B3%E1%84%90%E1%85%B3%20d58de21729c746abbb060d881043551d.csv),2024년 6월 7일 오후 4:38,,,Not started,,2024년 6월 7일 오후 6:47,J,
2차 테스트 인터뷰 기록지,,사용자 테스트 (%E1%84%92%E1%85%AC%E1%84%8B%E1%85%B4%2065b6669985b74333b8895a64d8b27057/%E1%84%89%E1%85%A1%E1%84%8B%E1%85%AD%E1%86%BC%E1%84%8C%E1%85%A1%20%E1%84%90%E1%85%A6%E1%84%89%E1%85%B3%E1%84%90%E1%85%B3%20d58de21729c746abbb060d881043551d.csv),2024년 6월 7일 오후 4:37,,,Not started,,2024년 6월 13일 오후 4:24,한예지,
2차 테스트 준비,,사용자 테스트 (%E1%84%92%E1%85%AC%E1%84%8B%E1%85%B4%2065b6669985b74333b8895a64d8b27057/%E1%84%89%E1%85%A1%E1%84%8B%E1%85%AD%E1%86%BC%E1%84%8C%E1%85%A1%20%E1%84%90%E1%85%A6%E1%84%89%E1%85%B3%E1%84%90%E1%85%B3%20d58de21729c746abbb060d881043551d.csv),2024년 6월 1일 오후 3:13,,,Not started,,2024년 6월 7일 오후 7:31,J,
1차 테스트 기반 진행할 것,,사용자 테스트 (%E1%84%92%E1%85%AC%E1%84%8B%E1%85%B4%2065b6669985b74333b8895a64d8b27057/%E1%84%89%E1%85%A1%E1%84%8B%E1%85%AD%E1%86%BC%E1%84%8C%E1%85%A1%20%E1%84%90%E1%85%A6%E1%84%89%E1%85%B3%E1%84%90%E1%85%B3%20d58de21729c746abbb060d881043551d.csv),2024년 5월 26일 오후 8:01,,,Not started,,2024년 5월 26일 오후 8:18,J,
1차 테스트,,사용자 테스트 (%E1%84%92%E1%85%AC%E1%84%8B%E1%85%B4%2065b6669985b74333b8895a64d8b27057/%E1%84%89%E1%85%A1%E1%84%8B%E1%85%AD%E1%86%BC%E1%84%8C%E1%85%A1%20%E1%84%90%E1%85%A6%E1%84%89%E1%85%B3%E1%84%90%E1%85%B3%20d58de21729c746abbb060d881043551d.csv),2024년 5월 24일 오후 7:48,,2024년 5월 25일 오전 10:00 (GMT+9),Not started,,2024년 6월 8일 오후 1:38,J,
5월 2주차 보고서(0506 - 0512),,보고서 (%E1%84%92%E1%85%AC%E1%84%8B%E1%85%B4%2065b6669985b74333b8895a64d8b27057/%E1%84%87%E1%85%A9%E1%84%80%E1%85%A9%E1%84%89%E1%85%A5%209c25e4d462f14e948f847c6a43340790.csv),2024년 5월 11일 오후 1:51,,,Not started,,2024년 5월 11일 오후 10:47,J,
4월 1주차 보고서 (0401 - 0407),,보고서 (%E1%84%92%E1%85%AC%E1%84%8B%E1%85%B4%2065b6669985b74333b8895a64d8b27057/%E1%84%87%E1%85%A9%E1%84%80%E1%85%A9%E1%84%89%E1%85%A5%209c25e4d462f14e948f847c6a43340790.csv),2024년 4월 5일 오후 7:49,,,Not started,,2024년 4월 8일 오전 1:23,한예지,
3월 4주차 보고서 (0325 - 0331),,보고서 (%E1%84%92%E1%85%AC%E1%84%8B%E1%85%B4%2065b6669985b74333b8895a64d8b27057/%E1%84%87%E1%85%A9%E1%84%80%E1%85%A9%E1%84%89%E1%85%A5%209c25e4d462f14e948f847c6a43340790.csv),2024년 3월 27일 오후 9:49,,,Not started,,2024년 4월 1일 오후 6:09,J,
3월 3주차 보고서 (0318 - 0324),,보고서 (%E1%84%92%E1%85%AC%E1%84%8B%E1%85%B4%2065b6669985b74333b8895a64d8b27057/%E1%84%87%E1%85%A9%E1%84%80%E1%85%A9%E1%84%89%E1%85%A5%209c25e4d462f14e948f847c6a43340790.csv),2024년 3월 23일 오후 3:48,,,Not started,,2024년 3월 27일 오후 9:49,J,
보이스레일/tech-pioneers,,,2024년 2월 27일 오후 8:20,,,반려,,2024년 3월 4일 오후 10:42,Jisu지수 Ryu,보이스레일0227/tech-pioneers - 백업 (%E1%84%92%E1%85%AC%E1%84%8B%E1%85%B4%2065b6669985b74333b8895a64d8b27057/%E1%84%87%E1%85%A9%E1%84%8B%E1%85%B5%E1%84%89%E1%85%B3%E1%84%85%E1%85%A6%E1%84%8B%E1%85%B5%E1%86%AF0227%20tech-pioneers%20-%20%E1%84%87%E1%85%A2%E1%86%A8%E1%84%8B%E1%85%A5%E1%86%B8%206fd378cc174a40a0b38d2aa7f04a6022.csv)
보이스레일0227/tech-pioneers - 백업,,보이스레일/tech-pioneers (%E1%84%92%E1%85%AC%E1%84%8B%E1%85%B4%2065b6669985b74333b8895a64d8b27057/%E1%84%87%E1%85%A9%E1%84%8B%E1%85%B5%E1%84%89%E1%85%B3%E1%84%85%E1%85%A6%E1%84%8B%E1%85%B5%E1%86%AF%20tech-pioneers%200214b033715d4958b7b17b0b3d2505a6.csv),2024년 2월 28일 오후 8:50,,,반려,,2024년 3월 4일 오후 10:42,Jisu지수 Ryu,
"안전한 야간 주행을 위한 자전거, 킥보드 시스템/tech-pioneers",,장애물 알림장치 (%E1%84%92%E1%85%AC%E1%84%8B%E1%85%B4%2065b6669985b74333b8895a64d8b27057/%E1%84%8C%E1%85%A1%E1%86%BC%E1%84%8B%E1%85%A2%E1%84%86%E1%85%AE%E1%86%AF%20%E1%84%8B%E1%85%A1%E1%86%AF%E1%84%85%E1%85%B5%E1%86%B7%E1%84%8C%E1%85%A1%E1%86%BC%E1%84%8E%E1%85%B5%20b9df15762f78490d923a2fc0dfd786b4.csv),2024년 3월 2일 오후 2:33,,,반려,,2024년 3월 4일 오후 10:42,Jisu지수 Ryu,
장애물 알림 장치/tech-pioneers -백업,,장애물 알림장치 (%E1%84%92%E1%85%AC%E1%84%8B%E1%85%B4%2065b6669985b74333b8895a64d8b27057/%E1%84%8C%E1%85%A1%E1%86%BC%E1%84%8B%E1%85%A2%E1%84%86%E1%85%AE%E1%86%AF%20%E1%84%8B%E1%85%A1%E1%86%AF%E1%84%85%E1%85%B5%E1%86%B7%E1%84%8C%E1%85%A1%E1%86%BC%E1%84%8E%E1%85%B5%20b9df15762f78490d923a2fc0dfd786b4.csv),2024년 2월 23일 오후 4:20,,,반려,,2024년 3월 4일 오후 10:42,Jisu지수 Ryu,
안전한 자전거 주행을 위한 시스템 - 초안,,장애물 알림장치 (%E1%84%92%E1%85%AC%E1%84%8B%E1%85%B4%2065b6669985b74333b8895a64d8b27057/%E1%84%8C%E1%85%A1%E1%86%BC%E1%84%8B%E1%85%A2%E1%84%86%E1%85%AE%E1%86%AF%20%E1%84%8B%E1%85%A1%E1%86%AF%E1%84%85%E1%85%B5%E1%86%B7%E1%84%8C%E1%85%A1%E1%86%BC%E1%84%8E%E1%85%B5%20b9df15762f78490d923a2fc0dfd786b4.csv),2024년 2월 20일 오후 8:21,,,반려,,2024년 3월 4일 오후 10:42,Jisu지수 Ryu,
고양이전용TV/tech-pioneers,,,2024년 2월 16일 오후 8:22,기획서,,Done,,2024년 2월 19일 오후 5:13,Jisu지수 Ryu,
아이드로퍼/tech-pioneers - 초안,,,2024년 2월 18일 오전 4:26,기획서,,Done,,2024년 2월 27일 오후 8:21,Jisu지수 Ryu,
보이스레일,,,2024년 3월 2일 오후 2:02,,,반려,,2024년 3월 2일 오후 2:02,Jisu지수 Ryu,"보이스레일/tech-pioneers - 백업 (%E1%84%92%E1%85%AC%E1%84%8B%E1%85%B4%2065b6669985b74333b8895a64d8b27057/%E1%84%87%E1%85%A9%E1%84%8B%E1%85%B5%E1%84%89%E1%85%B3%E1%84%85%E1%85%A6%E1%84%8B%E1%85%B5%E1%86%AF%20tech-pioneers%20-%20%E1%84%87%E1%85%A2%E1%86%A8%E1%84%8B%E1%85%A5%E1%86%B8%203235ede7ed0141bab777dbcda0991f65.csv), 보이스레일/tech-pioneers (%E1%84%92%E1%85%AC%E1%84%8B%E1%85%B4%2065b6669985b74333b8895a64d8b27057/%E1%84%87%E1%85%A9%E1%84%8B%E1%85%B5%E1%84%89%E1%85%B3%E1%84%85%E1%85%A6%E1%84%8B%E1%85%B5%E1%86%AF%20tech-pioneers%2005312c6e43384613b9d5dd095cb82b0e.csv), 보이스레일/기초 (%E1%84%92%E1%85%AC%E1%84%8B%E1%85%B4%2065b6669985b74333b8895a64d8b27057/%E1%84%87%E1%85%A9%E1%84%8B%E1%85%B5%E1%84%89%E1%85%B3%E1%84%85%E1%85%A6%E1%84%8B%E1%85%B5%E1%86%AF%20%E1%84%80%E1%85%B5%E1%84%8E%E1%85%A9%200f8839e483804e3da3f636ba14e1bb05.csv)"
보이스레일/기초,,보이스레일 (%E1%84%92%E1%85%AC%E1%84%8B%E1%85%B4%2065b6669985b74333b8895a64d8b27057/%E1%84%87%E1%85%A9%E1%84%8B%E1%85%B5%E1%84%89%E1%85%B3%E1%84%85%E1%85%A6%E1%84%8B%E1%85%B5%E1%86%AF%208489cb583432446d9c84881cee044a5c.csv),2024년 2월 7일 오후 8:09,기획서,,반려,,2024년 3월 2일 오후 2:02,Jisu지수 Ryu,
보이스레일/tech-pioneers,,보이스레일 (%E1%84%92%E1%85%AC%E1%84%8B%E1%85%B4%2065b6669985b74333b8895a64d8b27057/%E1%84%87%E1%85%A9%E1%84%8B%E1%85%B5%E1%84%89%E1%85%B3%E1%84%85%E1%85%A6%E1%84%8B%E1%85%B5%E1%86%AF%208489cb583432446d9c84881cee044a5c.csv),2024년 2월 7일 오후 8:12,기획서,,반려,,2024년 3월 2일 오후 2:02,Jisu지수 Ryu,
스마트 유도등-초안/tech-pioneers,,스마트 유도등 (%E1%84%92%E1%85%AC%E1%84%8B%E1%85%B4%2065b6669985b74333b8895a64d8b27057/%E1%84%89%E1%85%B3%E1%84%86%E1%85%A1%E1%84%90%E1%85%B3%20%E1%84%8B%E1%85%B2%E1%84%83%E1%85%A9%E1%84%83%E1%85%B3%E1%86%BC%20f390da151d5540b59fc3340eea1d3179.csv),2024년 2월 16일 오후 9:46,기획서,,반려,,2024년 3월 29일 오후 4:22,/임베디드시스템공학과 구민성,
스마트 유도등/tech-pioneers,,스마트 유도등 (%E1%84%92%E1%85%AC%E1%84%8B%E1%85%B4%2065b6669985b74333b8895a64d8b27057/%E1%84%89%E1%85%B3%E1%84%86%E1%85%A1%E1%84%90%E1%85%B3%20%E1%84%8B%E1%85%B2%E1%84%83%E1%85%A9%E1%84%83%E1%85%B3%E1%86%BC%20f390da151d5540b59fc3340eea1d3179.csv),2024년 2월 19일 오후 1:23,기획서,,반려,,2024년 3월 29일 오후 4:22,/임베디드시스템공학과 구민성,
보이스레일/tech-pioneers - 백업,,보이스레일 (%E1%84%92%E1%85%AC%E1%84%8B%E1%85%B4%2065b6669985b74333b8895a64d8b27057/%E1%84%87%E1%85%A9%E1%84%8B%E1%85%B5%E1%84%89%E1%85%B3%E1%84%85%E1%85%A6%E1%84%8B%E1%85%B5%E1%86%AF%208489cb583432446d9c84881cee044a5c.csv),2024년 2월 27일 오후 8:19,기획서,,반려,,2024년 3월 2일 오후 2:02,Jisu지수 Ryu,
잔소리탐지기,,,2024년 3월 2일 오후 2:02,,,반려,,2024년 3월 2일 오후 2:02,Jisu지수 Ryu,"잔소리 탐지기/tech-pioneers  (%E1%84%92%E1%85%AC%E1%84%8B%E1%85%B4%2065b6669985b74333b8895a64d8b27057/%E1%84%8C%E1%85%A1%E1%86%AB%E1%84%89%E1%85%A9%E1%84%85%E1%85%B5%20%E1%84%90%E1%85%A1%E1%86%B7%E1%84%8C%E1%85%B5%E1%84%80%E1%85%B5%20tech-pioneers%20f196ba6016b749bd8996648bc92692b9.csv), 잔소리 탐지기/tech-pioneers - 초안 (%E1%84%92%E1%85%AC%E1%84%8B%E1%85%B4%2065b6669985b74333b8895a64d8b27057/%E1%84%8C%E1%85%A1%E1%86%AB%E1%84%89%E1%85%A9%E1%84%85%E1%85%B5%20%E1%84%90%E1%85%A1%E1%86%B7%E1%84%8C%E1%85%B5%E1%84%80%E1%85%B5%20tech-pioneers%20-%20%E1%84%8E%E1%85%A9%E1%84%8B%E1%85%A1%E1%86%AB%2052ce043d8159436c8437c29437314f06.csv)"
장애물 알림장치,,,2024년 3월 2일 오후 2:05,,,반려,,2024년 3월 4일 오후 10:42,Jisu지수 Ryu,"안전한 자전거 주행을 위한 시스템 - 초안 (%E1%84%92%E1%85%AC%E1%84%8B%E1%85%B4%2065b6669985b74333b8895a64d8b27057/%E1%84%8B%E1%85%A1%E1%86%AB%E1%84%8C%E1%85%A5%E1%86%AB%E1%84%92%E1%85%A1%E1%86%AB%20%E1%84%8C%E1%85%A1%E1%84%8C%E1%85%A5%E1%86%AB%E1%84%80%E1%85%A5%20%E1%84%8C%E1%85%AE%E1%84%92%E1%85%A2%E1%86%BC%E1%84%8B%E1%85%B3%E1%86%AF%20%E1%84%8B%E1%85%B1%E1%84%92%E1%85%A1%E1%86%AB%20%E1%84%89%E1%85%B5%E1%84%89%E1%85%B3%E1%84%90%E1%85%A6%E1%86%B7%20-%20%E1%84%8E%E1%85%A9%E1%84%8B%E1%85%A1%E1%86%AB%20263b60980f72457896236b9bd4f10d2f.csv), 장애물 알림 장치/tech-pioneers -백업 (%E1%84%92%E1%85%AC%E1%84%8B%E1%85%B4%2065b6669985b74333b8895a64d8b27057/%E1%84%8C%E1%85%A1%E1%86%BC%E1%84%8B%E1%85%A2%E1%84%86%E1%85%AE%E1%86%AF%20%E1%84%8B%E1%85%A1%E1%86%AF%E1%84%85%E1%85%B5%E1%86%B7%20%E1%84%8C%E1%85%A1%E1%86%BC%E1%84%8E%E1%85%B5%20tech-pioneers%20-%E1%84%87%E1%85%A2%E1%86%A8%E1%84%8B%E1%85%A5%E1%86%B8%201ef73c383acd4c349e943bc3227aca97.csv), 안전한 야간 주행을 위한 자전거, 킥보드 시스템/tech-pioneers (%E1%84%92%E1%85%AC%E1%84%8B%E1%85%B4%2065b6669985b74333b8895a64d8b27057/%E1%84%8B%E1%85%A1%E1%86%AB%E1%84%8C%E1%85%A5%E1%86%AB%E1%84%92%E1%85%A1%E1%86%AB%20%E1%84%8B%E1%85%A3%E1%84%80%E1%85%A1%E1%86%AB%20%E1%84%8C%E1%85%AE%E1%84%92%E1%85%A2%E1%86%BC%E1%84%8B%E1%85%B3%E1%86%AF%20%E1%84%8B%E1%85%B1%E1%84%92%E1%85%A1%E1%86%AB%20%E1%84%8C%E1%85%A1%E1%84%8C%E1%85%A5%E1%86%AB%E1%84%80%E1%85%A5,%20%E1%84%8F%E1%85%B5%E1%86%A8%E1%84%87%E1%85%A9%E1%84%83%E1%85%B3%20%E1%84%89%E1%85%B5%2022b0317ebf4341bcbfc25ceb85008005.csv)"
잔소리 탐지기/tech-pioneers - 초안,,잔소리탐지기 (%E1%84%92%E1%85%AC%E1%84%8B%E1%85%B4%2065b6669985b74333b8895a64d8b27057/%E1%84%8C%E1%85%A1%E1%86%AB%E1%84%89%E1%85%A9%E1%84%85%E1%85%B5%E1%84%90%E1%85%A1%E1%86%B7%E1%84%8C%E1%85%B5%E1%84%80%E1%85%B5%20e1430c7f608e45f2a462c20b6f899330.csv),2024년 2월 16일 오후 8:22,기획서,,반려,,2024년 3월 2일 오후 2:02,Jisu지수 Ryu,
"잔소리 탐지기/tech-pioneers ",,잔소리탐지기 (%E1%84%92%E1%85%AC%E1%84%8B%E1%85%B4%2065b6669985b74333b8895a64d8b27057/%E1%84%8C%E1%85%A1%E1%86%AB%E1%84%89%E1%85%A9%E1%84%85%E1%85%B5%E1%84%90%E1%85%A1%E1%86%B7%E1%84%8C%E1%85%B5%E1%84%80%E1%85%B5%20e1430c7f608e45f2a462c20b6f899330.csv),2024년 2월 18일 오후 1:42,기획서,,반려,,2024년 3월 2일 오후 2:02,Jisu지수 Ryu,